,Title,Genre,Duration,Rating,voting
1,Eden,Adventure,2h 9m,6.5, 40K
2,Dune: Part Two,Adventure,2h 46m,8.4, 717K
3,Deadpool & Wolverine,Adventure,2h 8m,7.5, 556K
4,The Wild Robot,Adventure,1h 42m,8.2, 215K
5,Gladiator II,Adventure,2h 28m,6.5, 290K
6,Twisters,Adventure,2h 2m,6.5, 192K
7,Furiosa: A Mad Max Saga,Adventure,2h 28m,7.5, 316K
8,Kraven the Hunter,Adventure,2h 7m,5.5, 79K
9,Freaky Tales,Adventure,1h 47m,6.2, 17K
10,Flow,Adventure,1h 25m,7.9, 123K
11,Ghostbusters: Frozen Empire,Adventure,1h 55m,6.1, 104K
12,The Count of Monte-Cristo,Adventure,2h 58m,7.6, 47K
13,Bad Boys: Ride or Die,Adventure,1h 55m,6.5, 111K
14,Inside Out 2,Adventure,1h 36m,7.5, 245K
15,Kung Fu Panda 4,Adventure,1h 34m,6.3, 79K
16,Borderlands,Adventure,1h 41m,4.7, 56K
17,Despicable Me 4,Adventure,1h 34m,6.2, 76K
18,Moana 2,Adventure,1h 40m,6.3, 123K
19,Sonic the Hedgehog 3,Adventure,1h 50m,6.9, 78K
20,Damsel,Adventure,1h 50m,6.1, 118K
21,Kingdom of the Planet of the Apes,Adventure,2h 25m,6.8, 166K
22,Transformers One,Adventure,1h 44m,7.6, 63K
23,Godzilla x Kong: The New Empire,Adventure,1h 55m,6.0, 133K
24,Red One,Adventure,2h 3m,6.2, 158K
25,The Return,Adventure,1h 56m,6.3, 14K
26,Hellboy: The Crooked Man,Adventure,1h 39m,4.5, 17K
27,Spaceman,Adventure,1h 47m,5.7, 47K
28,Mufasa: The Lion King,Adventure,1h 58m,6.6, 81K
29,The Lord of the Rings: The War of the Rohirrim,Adventure,2h 14m,6.3, 39K
30,The Unholy Trinity,Adventure,1h 35m,5.5, 6K
31,Paddington in Peru,Adventure,1h 46m,6.6, 34K
32,Rebel Moon - Part Two: The Scargiver,Adventure,2h 2m,5.3, 63K
33,Sketch,Adventure,1h 33m,6.6, 5.7K
34,The Day the Earth Blew Up: A Looney Tunes Movie,Adventure,1h 31m,6.8, 8.5K
35,Arthur the King,Adventure,1h 47m,7.0, 38K
36,The Garfield Movie,Adventure,1h 41m,5.7, 27K
37,Attack on Titan the Movie: The Last Attack,Adventure,2h 25m,9.2, 25K
38,Atlas,Adventure,1h 58m,5.6, 59K
39,Monster Summer,Adventure,1h 37m,5.7, 7K
40,No Way Up,Adventure,1h 30m,4.6, 12K
41,Anaconda,Adventure,1h 24m,4.8, 1.2K
42,Uglies,Adventure,1h 40m,4.7, 36K
43,Sasquatch Sunset,Adventure,1h 28m,5.4, 6.1K
44,Descendants: The Rise of Red,Adventure,1h 35m,4.7, 8.1K
45,Kalki 2898 AD,Adventure,3h,7.0, 75K
46,Wallace & Gromit: Vengeance Most Fowl,Adventure,1h 22m,7.5, 41K
47,Solo Leveling: ReAwakening,Adventure,2h 1m,8.7, 16K
48,Orion and the Dark,Adventure,1h 33m,6.3, 19K
49,Badland Hunters,Adventure,1h 47m,6.0, 13K
50,Woodwalkers,Adventure,1h 43m,5.0, 1.1K
51,Spellbound,Adventure,1h 49m,5.5, 8.8K
52,Harold and the Purple Crayon,Adventure,1h 30m,5.7, 9.9K
53,Lost on a Mountain in Maine,Adventure,1h 38m,6.1, 2.7K
54,Winner,Adventure,1h 43m,6.5, 3.3K
55,Bookworm,Adventure,1h 43m,6.0, 2.7K
56,The Trail,Adventure,1h 20m,4.5, 641
57,Sunlight,Adventure,1h 36m,6.6, 438
58,Manjummel Boys,Adventure,2h 15m,8.2, 33K
59,Survive,Adventure,1h 30m,4.6, 4.5K
60,River of Blood,Adventure,1h 26m,4.6, 2.8K
61,Escape,Adventure,1h 34m,6.4, 2.7K
62,Please Don't Feed the Children,Adventure,1h 33m,4.6, 1.7K
63,Justice League: Crisis on Infinite Earths - Part Three,Adventure,1h 34m,6.1, 5.6K
64,My Penguin Friend,Adventure,1h 37m,6.8, 7K
65,Cult Killer,Adventure,1h 45m,4.8, 3.3K
66,Bureau 749,Adventure,2h 3m,3.9, 758
67,Dragonkeeper,Adventure,1h 38m,5.8, 2.2K
68,The Courier,Adventure,1h 41m,6.1, 5.7K
69,Gunner,Adventure,1h 46m,3.1, 3.3K
70,The Goat Life,Adventure,2h 53m,7.1, 50K
71,The Great Lillian Hall,Adventure,1h 50m,7.3, 2.4K
72,Escape from the 21st Century,Adventure,1h 38m,6.4, 1.5K
73,Ultraman: Rising,Adventure,1h 57m,6.9, 7.3K
74,My Hero Academia: You're Next,Adventure,1h 50m,7.0, 3.7K
75,The Best Christmas Pageant Ever,Adventure,1h 39m,6.8, 8.4K
76,Demon Slayer: Kimetsu No Yaiba - To the Hashira Training,Adventure,1h 44m,7.3, 11K
77,Family Pack,Adventure,1h 34m,5.5, 11K
78,Buffalo Kids,Adventure,1h 21m,6.6, 1K
79,The Traveller,Adventure,2h 14m,5.3, 282
80,Megamind vs. The Doom Syndicate,Adventure,1h 23m,2.4, 6.2K
81,The Wages of Fear,Adventure,1h 44m,4.6, 4.5K
82,Overlord: The Sacred Kingdom,Adventure,2h 15m,6.9, 2K
83,Robin and the Hoods,Adventure,1h 40m,4.3, 627
84,Something in the Water,Adventure,1h 26m,4.1, 5.7K
85,Sixty Minutes,Adventure,1h 28m,5.7, 5.6K
86,Devara Part 1,Adventure,2h 56m,6.0, 23K
87,Angels Fallen: Warriors of Peace,Adventure,1h 43m,3.7, 6.6K
88,Justice League: Crisis on Infinite Earths - Part Two,Adventure,1h 34m,5.6, 6.4K
89,Trifole,Adventure,1h 41m,6.2, 133
90,Saving Bikini Bottom: The Sandy Cheeks Movie,Adventure,1h 22m,3.6, 4.6K
91,Night of the Zoopocalypse,Adventure,1h 31m,6.0, 1.8K
92,That Christmas,Adventure,1h 31m,6.8, 20K
93,Justice League: Crisis on Infinite Earths - Part One,Adventure,1h 33m,6.2, 9.7K
94,76 Days Adrift,Adventure,1h 45m,8.9, 10
95,Shrek 5: The Contract - A Fan Made Film,Adventure,1h 24m,7.3, 34
96,Daye: Seret ahl el Daye,Adventure,1h 44m,7.5, 350
97,Hanu Man,Adventure,2h 38m,7.7, 30K
98,Heavier Trip,Adventure,1h 36m,6.1, 2K
99,Captain Miller,Adventure,2h 37m,7.1, 14K
100,"I, the Executioner",Adventure,1h 58m,6.3, 2.5K
101,A.R.M,Adventure,2h 30m,7.1, 10K
102,The Empire,Adventure,1h 50m,5.2, 1.5K
103,Kanguva,Adventure,2h 32m,4.5, 16K
104,Meanwhile on Earth,Adventure,1h 29m,5.8, 1.3K
105,Sunray: Fallen Soldier,Adventure,1h 55m,4.4, 882
106,Son's Will,Adventure,2h 28m,7.3, 1.3K
107,Man and Witch: The Dance of a Thousand Steps,Adventure,1h 34m,5.6, 412
108,Major Grom: The Game,Adventure,2h 48m,6.2, 2K
109,Thelma the Unicorn,Adventure,1h 33m,5.7, 3.3K
110,A Legend,Adventure,2h 9m,4.7, 1.3K
111,School of Magical Animals 3,Adventure,1h 45m,5.7, 515
112,Operation: Raqqa,Adventure,1h 47m,5.6, 583
113,Legend of the White Dragon,Adventure,1h 30m,7.9, 54
114,Woody Woodpecker Goes to Camp,Adventure,1h 40m,4.5, 2.9K
115,Hitpig,Adventure,1h 26m,5.2, 1.3K
116,The Tiger's Apprentice,Adventure,1h 24m,5.8, 2.4K
117,Golden Kamuy,Adventure,2h 7m,6.3, 2.9K
118,The Price of Money: A Largo Winch Adventure,Adventure,1h 40m,5.1, 1.6K
119,This Too Shall Pass,Adventure,1h 45m,7.4, 85
120,Ayalaan,Adventure,2h 35m,5.9, 4.4K
121,Thangalaan,Adventure,2h 36m,6.5, 7.2K
122,Rally Caps,Adventure,1h 40m,5.3, 199
123,Autumn and the Black Jaguar,Adventure,1h 40m,5.7, 1.3K
124,The Kingdom,Adventure,2h 13m,5.8, 258
125,Bade Miyan Chote Miyan,Adventure,2h 43m,3.7, 41K
126,The Twisters,Adventure,1h 26m,2.6, 562
127,The Lost Tiger,Adventure,1h 30m,5.1, 135
128,Roadkill,Adventure,1h 30m,3.7, 760
129,Cells at Work!,Adventure,1h 49m,6.7, 1.5K
130,200% Wolf,Adventure,1h 38m,5.7, 1.5K
131,Operation Blood Hunt,Adventure,1h 33m,3.4, 686
132,Doraemon the Movie: Nobita's Earth Symphony,Adventure,1h 55m,6.6, 1.9K
133,Witch Hunter,Adventure,1h 20m,2.8, 152
134,The Last Redemption,Adventure,2h 1m,6.6, 7.8K
135,The Backrooms,Adventure,1h 3m,7.9, 37
136,Saint-Exupéry,Adventure,1h 38m,5.3, 940
137,The Magician's Raincoat,Adventure,1h 29m,5.1, 193
138,Taklee Genesis x Worlds Collide,Adventure,2h 26m,5.3, 543
139,Z-Mom,Adventure,1h 30m,4.9, 48
140,The Royal Cat,Adventure,1h 37m,5.5, 76
141,Noah's Ark,Adventure,1h 30m,4.3, 759
142,Rebellious,Adventure,1h 34m,6.1, 298
143,Empire Queen: The Golden Age of Magic,Adventure,2h 28m,3.5, 374
144,The Last Ronin,Adventure,1h 55m,4.9, 710
145,The Green Dinosaur,Adventure,1h 33m,6.2, 314
146,Buddy,Adventure,2h 17m,3.8, 381
147,The Mountain,Adventure,1h 29m,6.3, 294
148,A Sloth Story,Adventure,1h 30m,5.6, 383
149,The Goat,Adventure,1h 31m,5.5, 406
150,At Her Feet,Adventure,1h 40m,7.4, 89
151,My Oni Girl,Adventure,1h 52m,6.0, 2.2K
152,Bambi: A Tale of Life in the Woods,Adventure,1h 18m,5.6, 436
153,Bionic,Adventure,1h 50m,4.3, 1.8K
154,Eat the Night,Adventure,1h 46m,6.1, 738
155,The Proud Princess,Adventure,1h 24m,6.2, 241
156,The Keepers of the 5 Kingdoms,Adventure,1h 49m,4.1, 260
157,No Chains No Masters,Adventure,1h 38m,6.3, 862
158,Unspeakable: Beyond the Wall of Sleep,Adventure,1h 30m,3.5, 182
159,The Epic of Gilgamesh,Adventure,1h 19m,N/A,N/A
160,Kvitebjørn,Adventure,1h 25m,6.1, 153
161,Panda Bear in Africa,Adventure,1h 24m,5.5, 465
162,No Time to Spy: A Loud House Movie,Adventure,1h 21m,6.3, 578
163,Planetquake,Adventure,1h 25m,3.1, 388
164,Angelo dans la forêt mystérieuse,Adventure,1h 21m,6.2, 291
165,Elli and Her Monster Team,Adventure,1h 26m,4.9, 145
166,Vertical,Adventure,1h 51m,4.9, 167
167,Road Wars: Max Fury,Adventure,1h 23m,2.1, 383
168,Five Friends,Adventure,1h 52m,6.7, 1.1K
169,Storm Crashers,Adventure,1h 28m,6.0, 652
170,The Primrose Railway Children,Adventure,1h 21m,5.1, 174
171,The Firing Squad,Adventure,1h 33m,5.0, 5.1K
172,Big City Greens the Movie: Spacecation,Adventure,1h 23m,6.2, 667
173,Crayon Shin-chan: Our Dinosaur Diary,Adventure,1h 46m,6.6, 827
174,Lumina,Adventure,1h 53m,3.9, 10K
175,Now or Never!,Adventure,2h 15m,2.3, 17K
176,Mobile Suit Gundam SEED Freedom,Adventure,2h 4m,6.5, 1.1K
177,Seven Seas Seven Hills,Adventure,1h 30m,7.1, 115
178,Guest from the Future,Adventure,2h 21m,6.0, 1.4K
179,Pimpinero: Blood and Oil,Adventure,2h 1m,5.6, 633
180,The Casagrandes Movie,Adventure,1h 29m,5.6, 763
181,Death Game,Adventure,1h 28m,7.3, 92
182,War of the Worlds: Extinction,Adventure,1h 24m,2.9, 251
183,My Freaky Family,Adventure,1h 26m,6.0, 491
184,WWII: Operation Phoenix,Adventure,1h 46m,3.9, 144
185,Gladiators,Adventure,1h 35m,3.3, 150
186,Naa Saami Ranga,Adventure,2h 30m,4.5, 1.3K
187,Spiders on a Plane,Adventure,1h 18m,3.6, 591
188,All for One,Adventure,1h 37m,1.6, 734
189,Devil's Knight,Adventure,1h 30m,4.7, 1.1K
190,Its Name Was Mormo,Adventure,1h 33m,3.6, 263
191,Birds Flying East,Adventure,1h 40m,5.8, 655
192,Earthquake Underground,Adventure,1h 23m,3.2, 309
193,My Fathers' Daughter,Adventure,1h 18m,6.2, 108
194,Joachim and the Apocalypse,Adventure,1h 30m,5.5, 62
195,Chuck Billy and the Marvelous Guava Tree,Adventure,1h 30m,7.3, 1.5K
196,"Maya, Give Me a Title",Adventure,1h 1m,6.4, 116
197,Gracie and Pedro: Pets to the Rescue,Adventure,1h 27m,5.0, 344
198,Gaami,Adventure,2h 27m,6.3, 2.1K
199,I Heart Robots,Adventure,1h 16m,4.4, 2.4K
200,Niko: Beyond the Northern Lights,Adventure,1h 26m,6.1, 495
201,Alpha.,Adventure,1h 40m,6.7, 387
202,Return to Wickensburg,Adventure,1h 28m,4.7, 116
203,Dalia and the Red Book,Adventure,1h 47m,5.8, 250
204,Dragon Ball Z Kai,Adventure,1h 22m,8.4, 140
205,Dongeng Sang Kancil,Adventure,1h 39m,6.8, 271
206,Fox & Hare Save the Forest,Adventure,1h 11m,5.9, 269
207,Transformers Prime: Galavatron's Revenge,Adventure,1h 44m,4.5, 33
208,Oscar Wilde About America,Adventure,1h 38m,4.2, 44
209,The Big Trip 3: Race Around the World,Adventure,1h 25m,4.6, 135
210,Treasure Trackers,Adventure,1h 32m,5.6, 212
211,Space Ranger,Adventure,N/A,3.9, 104
212,Killer Witches from Outer Space,Adventure,1h 22m,3.6, 169
213,Kalvan,Adventure,2h 22m,5.6, 1.1K
214,Barroz: Guardian of Treasures,Adventure,2h 35m,3.4, 1.1K
215,Oculus,Adventure,1h 53m,6.1, 20
216,Emma's Big Adventure,Adventure,1h 46m,5.3, 173
217,Rocky Road to Berlin,Adventure,1h 44m,7.2, 1.7K
218,Kiyma: Orman Kanunlari,Adventure,1h 21m,4.5, 63
219,Never Look Away,Adventure,1h 25m,7.1, 341
220,Sam and Colby: The Legends of the Paranormal,Adventure,1h 38m,4.8, 328
221,Chhota Bheem and the Curse of Damyaan,Adventure,2h 25m,4.7, 2.3K
222,Masha and the Bear: Wonder Park,Adventure,58m,6.7, 38
223,Stranded Pearl,Adventure,1h 30m,6.5, 60
224,Ghost Island,Adventure,1h 35m,7.0, 66
225,Diving Into the Darkness,Adventure,1h 36m,7.3, 122
226,Nanoshark,Adventure,1h 8m,3.5, 82
227,Going Viral,Adventure,1h 30m,6.3, 326
228,Bull Shark 3,Adventure,1h 16m,2.6, 174
229,One Million Babes BC,Adventure,1h 15m,2.1, 116
230,I Hate Summer,Adventure,1h 43m,5.2, 777
231,Great Pretender: Razbliuto,Adventure,1h 29m,6.2, 253
232,Teenz,Adventure,2h 2m,4.4, 876
233,Stinky Summer,Adventure,1h 30m,5.3, 64
234,Dreams,Adventure,1h 46m,6.4, 13
235,The Epidemic,Adventure,1h 35m,5.9, 72
236,Heavens: The Boy and His Robot,Adventure,1h 38m,7.4, 36
237,Arctic Hollow,Adventure,1h 10m,2.2, 208
238,The Adventures of Jurassic Pet: Return to the Wild,Adventure,1h 30m,5.3, 121
239,Dans l'ombre de Marlow,Adventure,1h 20m,3.8, 14
240,Dead Dead Demon's Dededede Destruction Koushou,Adventure,2h,7.0, 163
241,Next to Us,Adventure,2h 5m,4.8, 239
242,Bremenskie muzykanty,Adventure,1h 55m,4.3, 882
243,Al Leib Maa Al Eyal,Adventure,2h 7m,4.3, 325
244,Game of Death: The Six Doors to Hell,Adventure,2h 25m,7.5, 15
245,The Phantom Warrior,Adventure,1h 59m,2.3, 586
246,Dikkie Dik 2: Een nieuwe vriend voor Dikkie Dik,Adventure,1h 10m,7.2, 134
247,Kral Sakir: Devler Uyandi,Adventure,N/A,5.7, 85
248,Mama,Adventure,1h 40m,8.5, 10
249,Ahl Al Kahf,Adventure,2h,5.2, 362
250,Marianengraben,Adventure,1h 27m,6.8, 128
251,Tracing the Divide,Adventure,1h 24m,7.8, 208
252,Heartsping : Teenieping of Love,Adventure,TV-Y,8.0, 59
253,Oro Negro,Adventure,N/A,4.3, 32
254,Jurassic Triangle,Adventure,1h 24m,2.4, 333
255,A Trip Elsewhere,Adventure,1h 33m,4.5, 199
256,Håkan Bråkan 2,Adventure,1h 32m,5.4, 205
257,Norbert,Adventure,1h 15m,6.3, 36
258,Powder Pup,Adventure,1h 29m,5.8, 94
259,The Storm,Adventure,1h 42m,6.0, 160
260,De Legende van Familie Vos,Adventure,1h 21m,5.6, 62
261,Un lío de millones,Adventure,1h 31m,5.3, 367
262,Mr. Blue Shirt: The Inspiration,Adventure,N/A,6.0, 15
263,The Yoshi Movie,Adventure,1h 45m,8.1, 16
264,Luntik. Vozvrashchenie domoy,Adventure,TV-Y,6.4, 92
265,The Slave and the Sorcerer,Adventure,1h 26m,6.5, 56
266,Shadows of Betrayal: Chronicles of Ian Blair,Adventure,1h 5m,7.3, 18
267,Kaizen,Adventure,2h 40m,7.0, 876
268,Spirit Riser,Adventure,1h 38m,6.2, 48
269,Tanning Zone,Adventure,N/A,7.6, 11
270,Dikkie Dik en de Verdwenen Knuffel,Adventure,1h 2m,7.2, 160
271,23 Horas,Adventure,N/A,7.4, 21
272,Warrior Awang and Master Tok Gajah,Adventure,1h 58m,4.7, 502
273,Nijari,Adventure,1h 46m,N/A,N/A
274,LasseMajas detektivbyrå - Maskoten som försvann,Adventure,1h 30m,5.7, 99
275,Tapori Nayak,Adventure,N/A,8.6, 18
276,Sentinelese,Adventure,1h 30m,N/A,N/A
277,Formed Police Unit,Adventure,2h,4.6, 1.5K
278,Champions of the Golden Valley,Adventure,1h 21m,7.7, 127
279,Fights Break Sphere 3,Adventure,1h 21m,5.1, 13
280,Luigi's Mansion,Adventure,1h,5.6, 21
281,Kodaikanal,Adventure,2h 53m,9.4, 87
282,Appu,Adventure,1h 32m,7.7, 210
283,Letuchiy korabl,Adventure,1h 40m,3.3, 473
284,Minecraft But I Survive Again in Parkour Civilization,Adventure,1h 54m,8.7, 68
285,Igrisca ne damo!,Adventure,1h 19m,5.8, 138
286,Game On,Adventure,1h 25m,2.5, 376
287,Güzel Bir Rüya,Adventure,1h 19m,4.9, 66
288,Family Vacation,Adventure,N/A,5.9, 11
289,My Redneck Neighbor: Chapter 2 - Let the Games Begin,Adventure,55m,4.6, 18
290,Adam i Eva,Adventure,1h 35m,4.4, 111
291,Finding Christmas,Adventure,N/A,6.5, 31
292,Ivan Tsarevich i Seryy Volk 6,Adventure,1h 25m,5.4, 141
293,Monkey King Fight Lion Camel,Adventure,1h 14m,4.0, 7
294,Il cammino - Viaggio in Calabria,Adventure,58m,8.3, 10
295,Steal the Naughty List,Adventure,1h 30m,5.0, 141
296,The Waves of Madness,Adventure,1h 8m,5.2, 164
297,Gepack,Adventure,1h 37m,6.4, 395
298,Memes & Nightmares,Adventure,1h 21m,5.7, 98
299,Zak & Wowo: The Legend of Lendarys,Adventure,1h 25m,5.0, 119
300,Yolki 11,Adventure,1h 32m,4.3, 337
301,Dead Dead Demon's Dededede Destruction,Adventure,2h,7.1, 159
302,Turma da Mônica Jovem: Reflexos do Medo,Adventure,1h 28m,2.8, 273
303,La Familia del Barrio: La Película,Adventure,N/A,3.9, 17
304,Mong Vuot,Adventure,1h 36m,4.8, 198
305,Dünya Varmis,Adventure,1h 40m,6.6, 74
306,Fuuto PI: Portrait of Kamen Rider Skull,Adventure,1h 22m,7.2, 87
307,Benjamin Bat,Adventure,1h 15m,7.5, 47
308,Strange Things in Western Hunan,Adventure,1h 12m,6.8, 63
309,Wondla,Adventure,N/A,N/A,N/A
310,Anytime,Adventure,1h 2m,8.4, 34
311,Tulang Belulang Tulang,Adventure,1h 35m,7.1, 58
312,Die Chaosschwestern und Pinguin Paul,Adventure,1h 40m,5.4, 78
313,Chernyy zamok,Adventure,1h 55m,5.0, 78
314,The Star City Murders,Adventure,1h 19m,4.0, 162
315,I Left My Heart in Colombia,Adventure,N/A,6.9, 465
316,Triple 7: They Said It Couldn't Be Done,Adventure,1h 37m,8.6, 16
317,Ice Maiden,Adventure,1h 30m,8.3, 102
318,The Forest,Adventure,1h 17m,5.2, 69
319,Seeking the King,Adventure,N/A,6.6, 12
320,Amazon Bullseye,Adventure,1h 53m,5.3, 263
321,"Silex and the City, le film",Adventure,1h 17m,4.7, 67
322,Askepote,Adventure,1h 12m,3.5, 104
323,Permafrost,Adventure,1h 20m,4.2, 134
324,Ne odna doma,Adventure,1h 19m,3.2, 146
325,Samaya bolshaya luna,Adventure,1h 45m,2.3, 158
326,Cariddi's Graveyard: Tales of Mare Nostrum,Adventure,45m,N/A,N/A
327,Tri bogatyrya. Ni dnya bez podviga,Adventure,1h 1m,5.0, 128
328,Cândido,Adventure,1h 39m,6.2, 79
329,Manyunya. Priklyucheniya v derevne,Adventure,1h 24m,5.5, 134
330,Life with Quincy 3,Adventure,1h 13m,N/A,N/A
331,LeGrand,Adventure,1h 17m,N/A,N/A
332,Dogman Territory: Werewolves in the Land Between the Lakes,Adventure,N/A,5.5, 42
333,Jathara,Adventure,2h 9m,6.5, 1.1K
334,The Apples Gang: The Movie by Wright,Adventure,N/A,N/A,N/A
335,The Eye of the Salamander,Adventure,1h 21m,5.7, 52
336,Baba Yaga spasaet Novyy god,Adventure,1h 39m,4.5, 192
337,Tri kota. Zimnie kanikuly,Adventure,1h 5m,6.4, 46
338,Tipppsy,Adventure,1h 55m,8.1, 35
339,Road to Dreamland,Adventure,1h 30m,N/A,N/A
340,The Lemonade Files: An Untold Story of the Missing Shoes,Adventure,N/A,N/A,N/A
341,Hain,Adventure,1h 35m,3.1, 55
342,Big Water Theory,Adventure,1h 23m,8.1, 22
343,Captain Avispa,Adventure,1h 36m,5.7, 192
344,Cazatesoros,Adventure,1h 46m,6.6, 35
345,Sur les chemins du temps,Adventure,1h 30m,N/A,N/A
346,Yan Hu Ji Hua,Adventure,1h 30m,N/A,N/A
347,Xin Longmen kezhan,Adventure,1h 13m,3.1, 8
348,The 9th Raider,Adventure,1h 45m,N/A,N/A
349,The Secret of Pin-Up Island,Adventure,1h 47m,7.1, 104
350,This Land of Mine,Adventure,1h 30m,5.0, 93
351,Cursed Waters: Creature of Lake Okanagan,Adventure,N/A,5.7, 33
352,Longe da Estrada,Adventure,1h 46m,6.4, 46
353,Oyunda Kal: Eglence Arenasi,Adventure,1h 32m,2.4, 44
354,Beyond existence,Adventure,1h 35m,4.1, 27
355,Dünya Mali: Eksi Bir,Adventure,2h 13m,7.1, 23
356,The Silmarillion: Oath of Feanor,Adventure,1h 43m,N/A,N/A
357,Six Nine Five (695),Adventure,2h 17m,7.1, 712
358,The Worlds Divide,Adventure,2h,7.9, 60
359,The Super Mario Movie,Adventure,1h 58m,N/A,N/A
360,Wonderland,Adventure,2h,6.8, 14
361,Art Work,Adventure,1h 31m,N/A,N/A
362,Piraty galaktiki Barrakuda,Adventure,1h 32m,4.5, 100
363,Spider-Man: Blue,Adventure,N/A,5.8, 11
364,"Fallen Leaves, Broken Lighters",Adventure,1h 36m,8.0, 8
365,Frankenstein Theater: The Magic Sword,Adventure,1h 22m,4.1, 28
366,Of a Lifetime,Adventure,45m,9.2, 42
367,Yaren Leylek,Adventure,1h 35m,5.0, 42
368,The Enchanted Tinderbox,Adventure,1h 45m,5.5, 310
369,Satu - Year of the Rabbit,Adventure,1h 33m,9.0, 65
370,Adrian,Adventure,N/A,N/A,N/A
371,Gekijô-ban Nintama Rantarô Dokutake Ninja-tai Saikyô no Gunshi,Adventure,1h 30m,7.0, 79
372,Pui Pui Molcar the Movie: Molmax,Adventure,1h 9m,6.7, 31
373,Jaunt,Adventure,1h 18m,7.9, 10
374,The Last of Us: Immunity,Adventure,1h 4m,4.0, 41
375,Altered,Adventure,N/A,N/A,N/A
376,Alex and Mia's Awesome Movie!!,Adventure,1h 15m,N/A,N/A
377,My Redneck Neighbor: Chapter 1 - The Rednecks Are Coming,Adventure,1h 14m,4.7, 18
378,The Umbrella Fairy,Adventure,1h 35m,5.9, 73
379,Xibalba Monster,Adventure,1h 16m,6.7, 42
380,Get Close 2,Adventure,N/A,5.7, 53
381,Uttarakaanda,Adventure,N/A,7.8, 7
382,Duffle Bag Boy,Adventure,N/A,6.8, 62
383,Son of the Wolf,Adventure,1h 22m,3.3, 10
384,Colour Palette,Adventure,1h 27m,9.4, 54
385,Nature Cat's Nature Movie Special Extraordinaire,Adventure,53m,7.3, 25
386,Filmmaker,Adventure,1h 37m,N/A,N/A
387,Gumshoe Jon and the Mystery of the Saucer Men - The Even Better Version,Adventure,N/A,N/A,N/A
388,Hyacinthe,Adventure,N/A,N/A,N/A
389,Bam!,Adventure,1h 20m,7.2, 34
390,The Sasqualogist,Adventure,1h 29m,N/A,N/A
391,The Very Last Christmas,Adventure,1h 15m,8.6, 12
392,Kade,Adventure,1h 32m,6.4, 22
393,Dream 1,Adventure,N/A,N/A,N/A
394,Tokusou Sentai Dekaranger 20th: Fireball Booster,Adventure,50m,7.3, 46
395,Na Zha: Mo tong gui lai,Adventure,1h 19m,4.4, 7
396,Rocky and Bullwinkle,Adventure,1h 40m,8.6, 24
397,Si Juki the Movie: Harta Pulau Monyet,Adventure,1h 47m,6.3, 157
398,The Legend of Sunnyfield Lane,Adventure,N/A,8.5, 7
399,Zoloto Umalty,Adventure,1h 49m,4.9, 119
400,Operation Wakaliga: Fate and Blood,Adventure,1h 6m,6.7, 13
401,Boom!,Adventure,1h 30m,7.6, 19
402,The Artifact,Adventure,1h 48m,N/A,N/A
403,The Ghost of Annie Lee,Adventure,1h 43m,4.8, 7
404,Suchana,Adventure,1h 30m,8.6, 512
405,Penelope & Everly's Holiday Adventure,Adventure,TV-PG,7.9, 7
406,No More Trouble - Cosa rimane di una tempesta,Adventure,1h 37m,8.5, 24
407,Banana Boat,Adventure,1h 18m,5.8, 27
408,The Pray,Adventure,N/A,N/A,N/A
409,The Lost Colony,Adventure,N/A,N/A,N/A
410,Troy the Bharat Putra,Adventure,2h 14m,5.2, 34
411,Bar MoskvaChiki,Adventure,1h 31m,4.4, 118
412,Shanghai Story,Adventure,1h 11m,8.0, 70
413,Manyunya. Priklyucheniya v Moskve,Adventure,1h 27m,5.5, 123
414,Mobile Suit Gundam: Silver Phantom,Adventure,1h 30m,6.0, 21
415,Iron Dusk,Adventure,N/A,2.8, 70
416,Mesken (Messuage),Adventure,1h 39m,7.0, 58
417,Moy lyubimyy chempion,Adventure,1h 35m,2.3, 422
418,Devka-baba: Kukla-charodeyka,Adventure,1h 33m,4.7, 23
419,Nothing Unusual,Adventure,1h 32m,8.2, 18
420,Elephant Steps,Adventure,N/A,6.9, 40
421,Pirates & Slaves,Adventure,53m,5.8, 8
422,Abudeka Is Back,Adventure,2h,5.6, 65
423,A Babá: Operação Game Over,Adventure,N/A,5.1, 14
424,Historia de pastores,Adventure,1h 20m,5.5, 45
425,Fat Chance! the Movie,Adventure,N/A,7.5, 8
426,The Space in Between,Adventure,N/A,N/A,N/A
427,The Dragon's Tomb,Adventure,1h 17m,6.7, 62
428,Katzie in Marokko,Adventure,N/A,N/A,N/A
429,Lost and Found,Adventure,1h,N/A,N/A
430,Novyy god v Beryozovke,Adventure,1h 34m,3.7, 124
431,Vikaasaparva,Adventure,2h 14m,8.4, 547
432,A New Dawn,Adventure,1h,N/A,N/A
433,Deux hommes un destin,Adventure,1h 34m,N/A,N/A
434,Farragut Forward,Adventure,52m,6.9, 20
435,Jake Danger and the Sword of the Explorer,Adventure,N/A,N/A,N/A
436,Orango,Adventure,1h 34m,7.2, 76
437,The Cold Father,Adventure,1h 14m,6.9, 22
438,Vasilisa i khraniteli vremeni,Adventure,1h 38m,3.0, 95
439,Petualangan Anak Penangkap Hantu,Adventure,1h 39m,5.8, 31
440,Tur s Ivanushkami,Adventure,1h 51m,5.3, 182
441,Mai Martaba,Adventure,1h 26m,5.9, 14
442,Príncipe Lu e a Lenda do Dragão,Adventure,1h 30m,4.2, 34
443,Surge of Power: Where There's Smoke,Adventure,1h 8m,5.5, 19
444,STEVE (A Minecraft Movie),Adventure,1h 1m,7.8, 19
445,Toy Kids: The Movie,Adventure,1h 5m,N/A,N/A
446,Wonderful Precure! The Movie! Doki Doki Game no Sekai de Daiboken,Adventure,1h 11m,6.6, 47
447,Yasmeen's Element,Adventure,1h 16m,7.7, 24
448,My Only Relative.,Adventure,1h 45m,N/A,N/A
449,Bragow,Adventure,2h,N/A,N/A
450,Socker 2: Old Pals,Adventure,2h 30m,N/A,N/A
451,Moy dikiy drug,Adventure,1h 40m,6.2, 84
452,La bruja del bosque oscuro,Adventure,1h 32m,N/A,N/A
453,Return,Adventure,1h 30m,N/A,N/A
454,Unknown,Adventure,2h 14m,N/A,N/A
455,Mountain Boy,Adventure,1h 33m,8.0, 33
456,The Farm,Adventure,1h 44m,8.0, 9
457,Antarctic Voyage,Adventure,48m,6.9, 16
458,Tay 2: Ebabil Takimi,Adventure,1h 18m,5.1, 49
459,Luccas e Gi em: Dinossauros,Adventure,1h 31m,3.6, 30
460,Emma,Adventure,1h 30m,N/A,N/A
461,YA - medved,Adventure,1h 37m,4.9, 68
462,Dracu Ra,Adventure,1h 46m,5.8, 52
463,Qianhe xiansheng,Adventure,1h 22m,4.9, 7
464,Knight,Adventure,N/A,N/A,N/A
465,Briviba. Himalaju moto izaicinajums,Adventure,N/A,N/A,N/A
466,EP Break the Multiverse,Adventure,1h 16m,N/A,N/A
467,Robo Puffin,Adventure,Not Rated,N/A,N/A
468,Analogistan,Adventure,1h 25m,N/A,N/A
469,Carjorski Clan: Tale of the Fallen Knight,Adventure,N/A,N/A,N/A
470,Lo carga el diablo,Adventure,1h 43m,7.7, 34
471,The Bigfoot Prophecy,Adventure,1h 57m,3.7, 38
472,Il ricercatore,Adventure,1h 11m,6.4, 9
473,Jake Muller Adventures: Blood,Adventure,2h 16m,N/A,N/A
474,Friendly Fire,Adventure,1h 45m,5.9, 75
475,Bear Kid: Super Hero,Adventure,1h 20m,N/A,N/A
476,Lapse,Adventure,N/A,N/A,N/A
477,The Pizza Guys,Adventure,1h 29m,N/A,N/A
478,NJPW SMP: The Movie,Adventure,50m,N/A,N/A
479,"Montserrat, Integral 107",Adventure,1h 25m,N/A,N/A
480,Across America,Adventure,48m,N/A,N/A
481,The Grand Salmon,Adventure,56m,N/A,N/A
482,Bratya,Adventure,1h 43m,2.9, 155
483,Wilhelm Gustloff,Adventure,1h 50m,8.7, 10
484,The Lost Coast,Adventure,N/A,N/A,N/A
485,Dzhekpot,Adventure,1h 27m,6.2, 5
486,QAnon Avenue,Adventure,57m,8.7, 10
487,Goodbye Hamdi,Adventure,1h 25m,6.6, 12
488,Dragon Gate Inn,Adventure,1h 30m,N/A,N/A
489,V potoke trekh stikhiy,Adventure,1h 25m,5.0, 48
490,Target Jeremy,Adventure,N/A,N/A,N/A
491,Mortadella,Adventure,1h 30m,N/A,N/A
492,The Puffins: Arctic Games,Adventure,N/A,8.1, 10
493,StarGazer: The Need of the Many,Adventure,47m,4.3, 14
494,Tales from the Table,Adventure,N/A,2.8, 9
495,The Seed,Adventure,1h 40m,N/A,N/A
496,Poklad,Adventure,1h 40m,4.3, 71
497,Mera Number Beess,Adventure,1h 49m,N/A,N/A
498,Changle zhen gui shi,Adventure,1h 28m,4.8, 8
499,Pra Sempre,Adventure,1h 15m,N/A,N/A
500,Cacophony the Animated Movie,Adventure,1h 21m,N/A,N/A
501,Superman: Jubilation,Adventure,2h 56m,N/A,N/A
502,I racconti del mare,Adventure,1h 29m,N/A,N/A
503,Wheelies Inc,Adventure,N/A,N/A,N/A
504,Chyortov kamen,Adventure,1h 45m,3.8, 26
505,L'amore che conosco,Adventure,1h 18m,N/A,N/A
506,The Blinkless,Adventure,59m,6.9, 21
507,Shadow of the sun,Adventure,2h,N/A,N/A
508,Pueblo En Llamas,Adventure,1h 22m,N/A,N/A
509,The Bigfoot prophecy 2,Adventure,1h 58m,N/A,N/A
510,The Ballad of Straw Hat Sam,Adventure,45m,8.5, 14
511,Spooky Society,Adventure,N/A,N/A,N/A
512,Treasure Fellowship,Adventure,1h 26m,N/A,N/A
513,The Kingfish 2,Adventure,1h 12m,7.7, 13
514,Let's Go! Anpanman: Baikinman and Lulun,Adventure,1h 4m,5.9, 10
515,Okhota na russkogo geniya,Adventure,1h 11m,4.4, 17
516,"Le Vrai Kaizen (Vod // La Cacabox Monte L'everest - Grimkujow, Potatoz, Mnkway, Diego, Hugo)",Adventure,1h 3m,N/A,N/A
517,Dushu,Adventure,1h 36m,N/A,N/A
518,Abá e Sua Banda,Adventure,1h 24m,7.0, 32
519,Beyaz Zenciler: Yapim Asamasi,Adventure,55m,9.2, 70
520,Militant Monster 2024,Adventure,N/A,8.5, 30
521,Isle: Alpha One,Adventure,1h 37m,8.5, 11
522,Gostya iz kosmosa,Adventure,1h 10m,8.7, 8
523,The Lion Dog,Adventure,2h 2m,N/A,N/A
524,Road to Paradise,Adventure,1h 16m,N/A,N/A
525,Madeline & Silverfrost,Adventure,N/A,N/A,N/A
526,Dream of Resurrection,Adventure,1h 35m,N/A,N/A
527,DCLXVI,Adventure,3h 20m,N/A,N/A
528,Aruanda - Sentido da Vida,Adventure,N/A,N/A,N/A
529,Kun in the Distant Ocean,Adventure,1h 14m,N/A,N/A
530,The First Raven,Adventure,1h,N/A,N/A
531,Cobrazilla,Adventure,1h,N/A,N/A
532,Era Oculta,Adventure,1h 20m,N/A,N/A
533,Mystic Odyssey,Adventure,2h 24m,N/A,N/A
534,Wild Boys,Adventure,1h 59m,N/A,N/A
535,Kamilota,Adventure,N/A,N/A,N/A
536,"Katarina, ili Doch razboynika",Adventure,2h 37m,N/A,N/A
537,The Moon Asks for Help,Adventure,1h 36m,N/A,N/A
538,Marraia,Adventure,1h 17m,N/A,N/A
539,Captain Toad and the Mystery Mine,Adventure,1h 17m,9.1, 19
540,Amphibia: Endgame,Adventure,1h 24m,N/A,N/A
541,Dragon Stone Password,Adventure,1h 16m,N/A,N/A
542,The Embers of Domsheria,Adventure,1h 35m,N/A,N/A
543,Vandringen,Adventure,1h 18m,N/A,N/A
544,Demibook,Adventure,N/A,N/A,N/A
545,The Brofessors Return,Adventure,1h 18m,N/A,N/A
546,Spin War,Adventure,1h 44m,N/A,N/A
547,Isola degli sguardi,Adventure,N/A,N/A,N/A
548,Passage,Adventure,1h 27m,N/A,N/A
549,Famous Patrick (A Super SpongeBob Fan Movie),Adventure,53m,9.3, 24
550,The Last Five Days: The Freak Building,Adventure,1h 1m,3.6, 67
551,Ngesot,Adventure,1h 27m,4.9, 19
552,Emu War: A Subtle Examination of the Sheer Caucasity of Colonialism,Adventure,N/A,N/A,N/A
553,Whites Only: Ade's Extremist Adventure,Adventure,1h 5m,6.7, 31
554,L'Elisir di Leonardo da Vinci e la Banda del Buffardello,Adventure,1h 30m,N/A,N/A
555,Skazochnyy patrul. Shou prodolzhayetsya,Adventure,1h 5m,7.5, 11
556,Advent,Adventure,1h 59m,6.7, 11
557,Tinpot & Yello,Adventure,51m,N/A,N/A
558,The Road Long,Adventure,N/A,N/A,N/A
559,The Puffins & the Magic Portal,Adventure,N/A,7.6, 42
560,Abar Arownne Din Ratri,Adventure,1h 51m,8.0, 9
561,Sathur: Part1,Adventure,N/A,N/A,N/A
562,The Stand at Alder Creek,Adventure,53m,N/A,N/A
563,Kung Zhu: Amazing Adventures of Zhu,Adventure,1h 13m,N/A,N/A
564,The Last Survivor,Adventure,1h 55m,N/A,N/A
565,"Women, Dreams and Bread",Adventure,N/A,N/A,N/A
566,Unhappy 25 Years Little Brat,Adventure,13+,N/A,N/A
567,"Poymay sobaku, esli smozhesh",Adventure,1h 36m,3.5, 48
568,The Koopas,Adventure,N/A,N/A,N/A
569,Novogodniy ekspress,Adventure,47m,6.0, 13
570,Kage & Celeste,Adventure,1h 9m,N/A,N/A
571,One Day the Movie,Adventure,N/A,N/A,N/A
572,Moving Targets,Adventure,N/A,N/A,N/A
573,Commonheart. from A Childish Mind.,Adventure,1h 23m,N/A,N/A
574,The Long Quiet,Adventure,1h 34m,9.4, 22
575,Oda: Vlucht door de Eeuwen,Adventure,1h 42m,7.3, 7
576,New Day,Adventure,48m,N/A,N/A
577,El Regreso Del Campero 3,Adventure,1h 21m,N/A,N/A
578,Save the Church: The Scarlet Queen,Adventure,2h 40m,N/A,N/A
579,Aliens Uncovered: Buried Cities & Lost Tribes,Adventure,N/A,6.4, 18
580,Tayna Chyornoy Ruki,Adventure,1h 24m,5.6, 25
581,Mukhadrakon,Adventure,1h 49m,5.0, 19
582,I'm Professional,Adventure,1h 35m,4.6, 9
583,Melissa's Birthday,Adventure,N/A,N/A,N/A
584,Once upon a bridge in Vietnam,Adventure,52m,N/A,N/A
585,The Road to OVC Champions,Adventure,1h 2m,N/A,N/A
586,Turbozavry. God drakona,Adventure,48m,8.7, 46
587,Jurassic Invasion,Adventure,1h 14m,N/A,N/A
588,I V Y: World of the Future,Adventure,13+,N/A,N/A
589,The Thin Line,Adventure,1h 51m,N/A,N/A
590,Boyz,Adventure,2h 12m,N/A,N/A
591,Huaquero Tierra Maldita,Adventure,N/A,N/A,N/A
592,Old Wild Mob,Adventure,N/A,N/A,N/A
593,Upanga Kingdom,Adventure,1h 55m,N/A,N/A
594,Eroi in crestere: Aventura celor 7 ani de acasa,Adventure,N/A,N/A,N/A
595,Lost & Found,Adventure,N/A,N/A,N/A
596,Exipsosi,Adventure,N/A,N/A,N/A
597,Tobia e i colori del mondo,Adventure,N/A,8.3, 42
598,Piri Reis: The Incredible Chart,Adventure,2h 18m,6.8, 28
599,Applepictures the Poseidon Legacy,Adventure,1h 24m,6.6, 21
600,Lajjpal,Adventure,4h 12m,9.0, 8
601,Suvorovets 1944,Adventure,1h 30m,3.5, 31
602,One in a million chance,Adventure,1h 10m,N/A,N/A
603,"Salem, SOS-ed!",Adventure,1h 31m,N/A,N/A
604,My New Country Biacuimyneco,Adventure,1h 35m,N/A,N/A
605,Dandelion,Adventure,1h 35m,8.8, 10
606,Selebryata,Adventure,1h 33m,3.6, 21
607,Kamen rider super king knight legend of the movie two,Adventure,1h 51m,N/A,N/A
608,ABC Life: The Movie,Adventure,1h,N/A,N/A
609,Línguas de Fogo,Adventure,1h 9m,N/A,N/A
610,Meorisogeul,Adventure,1h 59m,N/A,N/A
611,7 Day Fast,Adventure,50m,N/A,N/A
612,Phantom Lights: UAPs of the Forest,Adventure,1h 21m,N/A,N/A
613,Five Nights at TK's: The Curse of TK,Adventure,1h,N/A,N/A
614,Soul Trekkers,Adventure,N/A,N/A,N/A
615,Winter Taiga,Adventure,45m,N/A,N/A
616,Kleurenpalet 3: De Definitie Van Het Multiversum,Adventure,1h 17m,N/A,N/A
617,Mult v kino. Vypusk # 174. Dobrye dela!,Adventure,48m,N/A,N/A
618,All the Way to the Endless,Adventure,1h 30m,N/A,N/A
619,My World 2,Adventure,N/A,N/A,N/A
620,TAÏ: 33 jours dans la dernière forêt d'Afrique de l'Ouest,Adventure,N/A,N/A,N/A
621,SITV Presents: Tabsentia,Adventure,1h 20m,8.3, 10
622,PW V: Tears of the Fallen,Adventure,1h,8.2, 10
623,Sehnsucht nach Firdaws,Adventure,1h 43m,8.7, 7
624,Yao guai sen lin,Adventure,1h 26m,5.7, 10
625,Nature guardian,Adventure,N/A,N/A,N/A
626,Tripping,Adventure,N/A,N/A,N/A
627,Ba Jie,Adventure,N/A,N/A,N/A
628,Socks,Adventure,2h,N/A,N/A
629,Lakeside's Mission: Impossible,Adventure,N/A,N/A,N/A
630,Unscripted - In the Heart of Africa,Adventure,1h 22m,N/A,N/A
631,The Veyshal Movie,Adventure,2h,N/A,N/A
632,I am the girl 3 me and my girlfriend,Adventure,N/A,N/A,N/A
633,Mouse Tales Movie 2,Adventure,1h,N/A,N/A
634,The Redemption of Zack & Heather (Remastered),Adventure,13+,N/A,N/A
635,Anywhere Wherever,Adventure,46m,N/A,N/A
636,The multiverse arc,Adventure,1h 22m,N/A,N/A
637,The Same Picture Group Holiday Special,Adventure,55m,N/A,N/A
638,Project Block,Adventure,1h 6m,N/A,N/A
639,Lung ta - Cavalli al vento,Adventure,N/A,N/A,N/A
640,Maverick from the Edge,Adventure,1h 47m,N/A,N/A
641,Summer on a solitary beach,Adventure,1h 40m,N/A,N/A
642,Labyrint more,Adventure,1h 1m,N/A,N/A
643,Harmonie,Adventure,1h 14m,N/A,N/A
644,Les Nouveaux Candides,Adventure,N/A,N/A,N/A
645,Pachamama,Adventure,47m,N/A,N/A
646,Montis Momentum,Adventure,N/A,N/A,N/A
647,Purgatorio,Adventure,59m,N/A,N/A
648,Non succederà più,Adventure,1h 30m,N/A,N/A
649,Psycho Rhythm,Adventure,N/A,N/A,N/A
650,Gladiator II: The Art and Making of the Ridley Scott Film,Adventure,N/A,N/A,N/A
651,Le mystère de Waza,Adventure,N/A,N/A,N/A
652,The Grand Stroke,Adventure,2h 8m,N/A,N/A
653,Geo Magazine,Adventure,N/A,N/A,N/A
654,Stunts I,Adventure,N/A,N/A,N/A
655,Mult v kino. Vypusk # 168: Idyom na piknik!,Adventure,51m,N/A,N/A
656,Hasta Que Nos Encontremos De Neuvo,Adventure,1h 30m,N/A,N/A
657,Son Though He Was: the Young Saint Francis of Assisi,Adventure,N/A,N/A,N/A
